LONGITUDE,LATITUDE,PB206_PB204,PB207_PB204,PB208_PB204
1.2048,-65.16,17.398,15.492,37.445
156.162,-62.8557,18.9773,15.5392,38.6371
156.332,-62.8248,18.8596,15.5222,38.5469
156.388,-62.8067,18.7616,15.5253,38.4731
82.7875,-62.709,17.76042857,15.73028571,38.98371429
156.833,-62.7033,18.6914,15.507,38.3928
157.033,-62.6283,18.8528,15.5215,38.547
157.133,-62.6,18.8576,15.5233,38.5432
157.85,-62.4333,18.8393,15.5249,38.5484
158.017,-62.3817,18.9588,15.5297,38.6524
158.283,-62.3133,19.0878,15.5524,38.7802
158.433,-62.275,18.887,15.5447,38.5539
158.567,-62.22,19.0923,15.5587,38.7807
158.717,-62.17,18.9883,15.5516,38.7295
158.792,-62.145,18.966,15.5464,38.6578
158.867,-62.1233,19.1086,15.56,38.8096
158.919,-62.1109,18.8197,15.5305,38.4989
158.958,-62.0967,18.9554,15.5423,38.6467
159.017,-62.0833,18.9398,15.5379,38.6351
159.083,-62.0633,18.8083,15.5238,38.4874
159.167,-62.035,18.8339,15.5286,38.519
159.35,-61.9783,18.7327,15.5171,38.429
159.45,-61.953,18.8554,15.5343,38.5481
159.506,-61.9369,18.6697,15.5238,38.3529
159.567,-61.9183,18.5072,15.4958,38.1704
159.672,-61.8875,18.4593,15.4983,38.1089
159.733,-61.8717,18.4337,15.4844,38.0842
159.933,-61.8467,18.2553,15.4736,37.9992
160.317,-61.7383,18.4077,15.4898,38.06
160.5,-61.6767,18.508,15.4894,38.1168
160.967,-61.5133,18.3241,15.4721,37.9582
151.835,-60.2184,19.1449,15.5588,38.8283
152.167,-60.1538,18.539,15.5095,38.1964
152.865,-59.9866,18.5549,15.6344,38.3841
153.049,-59.9636,18.4627,15.5176,38.0964
153.157,-59.9416,18.348,15.48,37.9515
84.8348,-59.6516,18.01566667,15.577,38.53566667
104.488,-59.2623,17.992,15.489,37.855
76.4075,-58.717,18.0508,15.5904,38.2204
78.9981,-58.441,18.305,15.613,38.495
157.96,-58.25,18.603,15.487,38.048
81.2395,-57.592,18.112,15.585,38.405
110.112,-56.4022,18.1,15.479,37.911
76.794,-54.811,17.783,15.53733333,38.16933333
-0.01,-54.68,19.244,15.619,38.99
0.068,-54.648,19.09,15.569,38.826
3.35833,-54.5,19.4485,15.6405,39.068
5.137,-54.397,19.163,15.591,38.756
1.2,-54.37,18.55106667,15.5897,38.52096667
4.052,-54.228,19.287,15.647,39.022
1.97,-54.12,18.5733,15.56835,38.3447
7.223,-54.045,18.685,15.55966667,38.38233333
2.13,-54.03,18.41325,15.57665,38.47185
3.52,-54.03,19.327,15.6335,39.0065
3.522,-54.03,19.316,15.631,38.987
75.9749,-53.5518,18.089,15.498,38.3928
109.946,-53.5408,18.08,15.497,37.999
24.76,-53.41,18.417,15.5,38.012
25.508,-53.175,18.568,15.561,38.265
25.488,-53.16,18.458,15.485,38.049
22.83,-53.158,18.418,15.492,37.965
9.97,-53.15,18.789,15.493,38.426
14.5,-53.12,19.254,15.642,39.305
25.327,-53.113,18.49,15.562,38.28
10.888,-52.855,19.068,15.582,38.866
4.38,-52.65,18.08103333,15.546,38.22426667
26.335,-52.58,18.4575,15.535,38.2345
13.133,-52.35,18.804,15.5615,38.6815
18.046,-52.294,18.968,15.551,38.767
16.91,-52.293,19.045,15.557,38.554
13.68,-52.28,18.769,15.56,38.623
4.83,-52.27,18.1259,15.52655,38.24425
14.63,-52.22,19.243,15.632,39.315
14.601,-52.104,19.27,15.617,39.297
14.12,-52.1,19.1505,15.6025,38.793
5.6,-51.62,18.63723333,15.58343333,38.55713333
5.85,-51.28,18.63366667,15.59146667,38.5923
71.0667,-51.0178,17.86,15.50333333,38.25
135.09,-50.417,18.998,15.613,38.468
131.005,-50.408,18.74625,15.49475,38.193
113.616,-50.3475,17.947,15.461,37.796
112.686,-50.3231,17.95,15.466,37.821
112.316,-50.3163,17.813,15.443,37.594
129.533,-50.312,18.594,15.484,38.121
112.595,-50.3073,17.931,15.455,37.785
113.454,-50.3007,18.017,15.45,37.81
130.417,-50.3,18.617,15.48,38.095
112.49,-50.296,17.964,15.454,37.819
132.55,-50.267,18.911,15.514,38.319
127.59,-50.243,18.657,15.488,38.169
127.417,-50.222,18.6215,15.4705,38.0945
137.555,-50.215,18.82,15.506,38.166
111.783,-50.2115,17.972,15.478,37.829
128.54,-50.21,18.699,15.5,38.21
127.063,-50.198,18.583,15.479,38.101
112.857,-50.1879,17.96,15.4545,37.7565
63.94,-50.185,17.46456803,15.5127873,37.96147799
127.577,-50.163,18.763,15.4915,38.24375
127.833,-50.162,18.685,15.489,38.17
127.652,-50.152,18.711,15.49,38.207
127.017,-50.147,18.689,15.488,38.187
128.015,-50.147,18.656,15.489,38.152
127.962,-50.107,18.687,15.505,38.207
126.742,-50.042,17.9135,15.4655,37.771
115.212,-50.0078,17.894,15.459,37.887
115.375,-49.917,17.77775,15.5012,37.862
69.64,-49.9,18.4156341,15.54251784,38.98104057
114.481,-49.8604,17.935,15.479,37.938
118,-49.858,17.944,15.409,37.743
110.412,-49.8275,17.933,15.491,37.912
119.175,-49.808,18.1694,15.4888,38.00775
111.134,-49.7813,18.064,15.468,37.964
126.167,-49.768,17.96,15.466,37.865
70.075181,-49.729124,18.28896848,15.53425442,38.82725226
70.080742,-49.724819,18.41827466,15.5302221,38.95182373
70.07524,-49.72067,18.39668629,15.52856686,38.89230705
70.077749,-49.716361,18.3787323,15.5414527,38.89642835
70.080074,-49.711446,18.39117695,15.53761297,38.90041303
70.079229,-49.710217,18.28420885,15.51848653,38.7584434
117.517,-49.7047,18.011,15.47,37.847
125.408,-49.6883,17.709,15.411,37.565
125.892,-49.68,17.7635,15.4295,37.5875
125.658,-49.613,17.792,15.4105,37.619
69.5,-49.58,18.20929529,15.51641133,38.70212274
109.484,-49.527,18.198,15.512,38.262
127.593,-49.522,18.6675,15.4985,38.208
117.182,-49.5055,17.974,15.513,38.027
69.67,-49.48,18.31513234,15.54609947,38.84207992
121.033,-49.467,18.23205,15.47885,38.24645
109.105,-49.45,18.128,15.475,38.047
69.89,-49.35,18.33996336,15.53813275,38.82324471
70.06,-49.3,18.32173524,15.54532267,38.82251206
116.718,-49.2749,17.478,15.458,37.466
105.868,-49.2287,18.06,15.495,38.005
127.657,-49.227,18.6325,15.497,38.2035
105.588,-49.1163,18.351,15.536,38.268
124.89,-49.0952,17.867,15.46,37.648
124.965,-49.062,17.8694,15.4732,37.7278
124,-49.033,18.0325,15.4505,37.826
108.514,-49.0252,18.011,15.459,37.845
124.708,-48.99,17.788,15.462,37.547
127.222,-48.9727,18.638,15.451,38.098
124.282,-48.943,17.91375,15.4635,37.702
124.468,-48.907,17.954,15.485,37.754
106.494,-48.8733,18.242,15.4935,38.199
68.96,-48.87,18.24726658,15.52997011,38.73302129
69.13,-48.85,18.31505192,15.53134465,38.73595932
126.883,-48.765,18.399,15.4815,38.0305
127.36,-48.763,18.6285,15.4745,38.1135
105.224,-48.7517,18.144,15.467,37.936
108.277,-48.7383,18.282,15.491,38.273
127.08,-48.738,18.572,15.482,38.097
126.52,-48.68,18.232,15.4725,37.977
68.5,-48.55,18.2955214,15.54670827,38.73609526
126.653,-48.4698,18.439,15.479,38.056
107.527,-48.4288,18.365,15.503,38.353
125.677,-48.41,17.479,15.387,37.28
107.145,-48.3497,18.284,15.508,38.249
104.966,-48.3172,18.14,15.494,37.99
104.662,-48.2133,18.322,15.506,38.217
99.26,-48.16,17.8925,15.4755,37.6011
99.18,-48.13,17.91615,15.4803,37.66565
103.931,-48.1037,18.062,15.466,37.844
98.9432,-48.1005,17.891,15.486,37.578
98.93,-48.06,17.898,15.4772,37.6139
99.12,-48.04,17.9009,15.4783,37.5939
127.47,-48.0233,18.539,15.476,38.078
102.54,-48.0187,17.951,15.465,37.719
98.82,-48,17.9134,15.4789,37.651
98.77,-47.98,17.8968,15.4804,37.6867
103.571,-47.972,18.103,15.482,37.936
98.69,-47.95,17.9378,15.479,37.6513
98.6012,-47.9095,17.914,15.483,37.682
98.55,-47.9,17.9041,15.4805,37.6684
98.45,-47.88,17.8748,15.4759,37.5745
103.353,-47.878,18.114,15.477,37.922
102.14,-47.8763,17.989,15.475,37.77
98.42,-47.83,17.8966,15.4794,37.6981
98.31,-47.82,17.8979,15.4811,37.6367
98.24,-47.79,17.8993,15.4792,37.6243
103.038,-47.765,17.987,15.48,37.802
98.18,-47.75,17.9403,15.4835,37.75
126.168,-47.7405,17.898,15.464,37.773
126.983,-47.7333,17.982,15.463,37.858
98.09,-47.73,17.9219,15.4813,37.663
98.1568,-47.7107,17.843,15.483,37.614
98.16,-47.71,17.8311,15.47555,37.56895
32.147,-47.7,18.138,15.473,37.95
98.03,-47.7,17.917,15.488,37.7427
97.98,-47.68,17.9935,15.482,37.7085
101.532,-47.6313,18.105,15.485,37.944
97.94,-47.63,17.9141,15.4783,37.6838
97.86,-47.62,17.928,15.4797,37.7114
97.8,-47.59,18.0042,15.4753,37.6288
101.223,-47.59,17.996,15.467,37.764
97.74,-47.57,17.9015,15.4624,37.5348
97.68,-47.53,18.0536,15.4804,37.7766
97.61,-47.51,17.923,15.4796,37.6938
127.604,-47.4932,18,15.478,37.904
97.55,-47.48,17.9202,15.4806,37.6915
100.961,-47.4583,18.257,15.512,38.102
97.512,-47.4463,17.898,15.4955,37.772
97.44,-47.41,17.908,15.478,37.7221
97.38,-47.38,17.918,15.4801,37.7157
97.32,-47.36,17.9081,15.4807,37.7278
100.672,-47.335,18.133,15.483,37.923
97.26,-47.31,17.9048,15.48,37.7054
97.23,-47.27,17.889,15.4703,37.6584
97.16,-47.24,17.9515,15.4798,37.7547
97.09,-47.21,17.7622,15.4709,37.6068
97.01,-47.19,17.8858,15.4777,37.7044
100.863,-47.1865,18.088,15.466,37.874
32.67,-47.17,18.078,15.454,37.59
96.95,-47.16,17.8871,15.4784,37.7149
96.89,-47.12,17.8416,15.4775,37.6817
96.8325,-47.076,17.841,15.481,37.786
96.76,-47.05,17.8703,15.4707,37.7432
96.71,-47.02,17.8152,15.4723,37.6725
96.69,-46.95,17.8058,15.4731,37.6371
96.63,-46.92,17.7773,15.476,37.6161
96.57,-46.9,17.7971,15.4755,37.5986
37.86,-46.89,18.688,15.529,38.471
37.86,-46.875,18.715,15.529,38.509
96.51,-46.87,17.7847,15.4768,37.6341
96.45,-46.83,17.8007,15.4747,37.641
96.39,-46.8,17.7303,15.4727,37.5923
96.3675,-46.7782,17.731,15.47,37.596
96.3,-46.75,17.7448,15.4779,37.6538
96.24,-46.71,17.7254,15.4804,37.6508
96.18,-46.69,17.7344,15.483,37.6739
96.12,-46.66,18.123,15.4969,37.9258
96.06,-46.62,17.7245,15.4775,37.6277
95.99,-46.6,17.7171,15.4779,37.6536
33.87,-46.495,18.261,15.552,38.37
51.826,-46.4529,19.155,15.6063,39.1976
51.835,-46.451,18.8948,15.5891,39.0406
51.828,-46.4441,19.0049,15.598,39.1268
51.839,-46.4425,18.8861,15.5821,38.9717
51.8312,-46.4412,18.9865,15.5898,39.0693
51.8306,-46.441,18.9915,15.5947,39.0848
50.4193,-46.4346,19.2246,15.6078,38.9384
52.1184,-46.4317,18.8956,15.5838,39.0433
50.4179,-46.4302,19.6339,15.6325,39.3506
50.4092,-46.4264,19.3586,15.617,39.1855
50.4048,-46.4252,19.6054,15.632,39.306
50.4145,-46.4246,19.2239,15.6112,39.09
50.4147,-46.4245,19.3241,15.6072,39.1078
50.3903,-46.411,19.3145,15.6125,39.1139
52.1933,-46.4078,18.9647,15.5864,39.1495
52.2043,-46.3966,18.8973,15.5844,39.0483
33.508,-46.378,18.118,15.501,37.87
68.492,-46.277,18.43555,15.55045,38.6855
68.4917,-46.26,18.36812244,15.54695839,38.62718991
96.19,-46.26,17.843,15.4652,37.5114
96.11,-46.21,17.8554,15.4675,37.5352
95.97,-46.18,17.8406,15.46255,37.5458
96,-46.16,17.8451,15.4659,37.4898
95.93,-46.09,18.15845,15.494,37.8627
95.83,-46.05,17.8852,15.4708,37.5909
34.07,-46.03,18.223,15.469,37.781
95.77,-46.02,17.8451,15.4655,37.5186
50,-46,19.6277,15.62985,39.3042
130,-45.9567,18.68605,15.50325,38.2368
95.73,-45.95,17.8757,15.46915,37.55705
96.12,-45.83,17.7729,15.4586,37.3603
96.31,-45.3,17.7971,15.4708,37.5518
96.11,-45.2,17.8163,15.4705,37.5781
96.12,-45.19,17.84,15.4722,37.5927
95.6983,-45.1845,17.926,15.479,37.55
95.59,-45.1743,17.883,15.479,37.546
96.03,-45.16,17.8807,15.4751,37.6461
95.9322,-45.1105,17.754,15.463,37.498
95.41,-45.11,17.8662,15.4879,37.5548
95.4088,-45.106,17.875,15.477,37.523
95.34,-45.08,17.8725,15.4835,37.5442
95.764,-45.0512,18.133,15.504,37.92
95.76,-45.05,18.1206,15.4992,37.9203
95.26,-45.04,17.8609,15.4861,37.5371
95.09,-44.96,17.858,15.4774,37.5126
95.01,-44.92,17.9117,15.4837,37.58
36.47,-44.9,18.289,15.5095,38.0463
94.92,-44.89,17.8648,15.4772,37.5232
36.18,-44.86,18.3663,15.5162,38.1243
94.8328,-44.833,17.871,15.489,37.537
35.847,-44.815,18.152,15.47766667,37.91066667
36.302,-44.807,18.237,15.499,37.976
94.77,-44.8,17.8877,15.4877,37.634
94.68,-44.76,17.8744,15.4838,37.5225
37.07,-44.733,18.275,15.53,38.063
35.78,-44.73,18.2423,15.5023,37.9802
94.6,-44.72,17.8721,15.4824,37.519
129.188,-44.6339,18.23066667,15.48206667,37.75353333
129.188,-44.6321,18.12605,15.47445,37.8498
37.5,-44.63,18.2269,15.4992,37.9639
37.27,-44.61,18.35155,15.51475,38.13555
94.43,-44.6,17.8673,15.4764,37.5159
94.34,-44.57,17.8647,15.466,37.4748
126.908,-44.4245,18.067925,15.4671,37.9146
94.31,-44.41,17.8194,15.4653,37.4629
129.051,-44.2866,17.94625,15.4575,37.71485
129.051,-44.2846,18.1564,15.4733,37.8952
94.15,-44.27,18.488,15.5157,38.2353
93.99,-44.22,17.8109,15.4634,37.4491
94.03,-44.22,17.8284,15.4619,37.4537
93.94,-44.19,17.8446,15.4741,37.5303
38.795,-44.18,18.3695,15.506,38.081
93.773,-44.1167,17.793,15.465,37.443
93.65,-44.08,17.8682,15.4681,37.4612
93.55,-44.02,17.7982,15.4584,37.3963
134.998,-44.01,18.8684,15.5203,38.3609
134.998,-44.0082,18.83671818,15.5049,38.26118182
93.46,-43.98,17.856,15.4662,37.462
128.828,-43.9483,18.3142,15.4918,38.091
128.828,-43.9464,18.5812,15.5001,38.1773
128.829,-43.9446,18.6281,15.502,38.1871
40.94,-43.92,18.4067,15.5268,38.1741
93.36,-43.92,17.7708,15.4503,37.3351
93.23,-43.9,17.8634,15.4772,37.5731
40.653,-43.893,16.918,15.487,37.2845
40.8,-43.89,18.4263,15.5262,38.1701
40.81,-43.89,18.4122,15.5253,38.1444
93.1143,-43.8823,17.874,15.484,37.586
93.09,-43.83,17.8554,15.4802,37.5567
93.02,-43.8,17.89825,15.5186,37.62695
127.746,-43.7492,18.05665,15.46975,37.88745
127.748,-43.7483,18.0444,15.4659,37.8719
92.93,-43.74,17.8789,15.4814,37.6216
92.85,-43.69,17.86,15.4806,37.5811
92.77,-43.63,17.8674,15.4774,37.5737
39.308,-43.612,17.442,15.48433333,37.66333333
92.677,-43.5785,17.844,15.478,37.547
92.63,-43.56,17.8691,15.4834,37.6052
91.94,-43.5,17.8685,15.4646,37.5611
91.684,-43.4683,17.868,15.485,37.569
92.4,-43.44,17.9045,15.4966,37.5902
40.21,-43.43,17.1805,15.4342,37.3867
92.3333,-43.4282,17.848,15.464,37.549
91.29,-43.42,17.9667,15.471,37.6758
91.2892,-43.4172,17.97,15.464,37.661
39.98,-43.41,16.5838,15.35785,36.8709
40.1,-43.4,17.2738,15.4427,37.4116
92.31,-43.39,17.8379,15.4828,37.5148
39.852,-43.377,17.11066667,15.41666667,37.30066667
39.69,-43.36,17.2434,15.4496,37.4273
91.86,-43.35,17.8857,15.4703,37.5957
92.23,-43.35,17.8768,15.47815,37.59105
91.5,-43.34,17.8894,15.4722,37.5998
91.48,-43.27,17.8527,15.4678,37.5135
128.884,-43.2613,17.98553333,15.4567,37.7587
128.886,-43.2611,18.5039,15.49155,38.12485
91.0947,-43.0822,17.868,15.48,37.564
91.04,-43.04,17.841,15.4635,37.5114
90.95,-42.98,18.042,15.4841,37.9118
90.7952,-42.8863,17.863,15.479,37.456
90.68,-42.83,17.7824,15.4573,37.4902
90.84,-42.83,17.8354,15.4633,37.4884
90.6,-42.78,17.8214,15.4608,37.5029
90.51,-42.76,17.8785,15.4635,37.5556
127.888,-42.7332,18.0285,15.46555,37.84405
127.888,-42.7314,18.0129,15.4642,37.84615
41.985,-42.687,17.829,15.448,37.486
41.89,-42.685,17.859,15.436,37.418
90.34,-42.65,17.9065,15.4696,37.62
90.24,-42.58,17.8969,15.4646,37.5682
90.204,-42.568,17.91,15.474,37.646
90.17,-42.56,17.9329,15.4734,37.6412
89.97,-42.48,17.9199,15.4685,37.6191
89.88,-42.42,17.9423,15.4713,37.7055
89.8,-42.36,17.9443,15.4723,37.7076
89.69,-42.33,17.8959,15.4718,37.6701
129.815,-42.2715,18.37664,15.4807,38.0027
89.54,-42.23,17.9629,15.495,37.6986
89.41,-42.17,17.9807,15.4777,37.7676
88.042,-42.115,17.97,15.501,37.979
42.73,-42.01,17.814,15.452,37.312
42.72,-41.98,17.71,15.424,37.234
89.15,-41.96,18.1151,15.5447,38.0839
127.992,-41.9582,18.03645,15.4597,37.76648
127.995,-41.9582,18.0256,15.47953333,37.82513333
89.06,-41.92,18.0245,15.4859,37.9059
127.007,-41.8979,18.0625,15.4757,37.9914
127.008,-41.8972,18.0625,15.4757,37.9871
87.72,-41.89,17.8987,15.4899,37.9453
89.19,-41.89,18.0578,15.4837,37.9078
88.9222,-41.87,18.03,15.473,37.892
89.3178,-41.7217,18.173,15.492,38.013
89.32,-41.72,18.1688,15.4935,38.0124
88.7,-41.7,18.0498,15.4855,37.9225
87.092,-41.517,17.812,15.497,37.886
131.317,-41.4778,18.60725,15.4916,38.13155
86.23,-41.098,17.735,15.487,37.76
43.7,-40.98,17.7485,15.4765,37.628
78.65,-40.34,18.02,15.518,37.985
77.855,-40.327,17.9955,15.47,38.02
45.76,-40.13,18.1955,15.5065,38.402
131.977,-39.9223,18.184,15.4765,37.8075
119.745,-39.7792,18.0145,15.5025,37.9305
78.48,-39.68,18.085,15.561,38.445
78.138,-38.978,18.045,15.5595,38.658
78.158,-38.957,17.777,15.549,38.509
77.55,-38.72,18.34366667,15.55233333,38.61066667
77.5,-38.7,18.696,15.58,38.802
77.55,-38.7,18.694,15.565,38.87
47.4066,-38.6699,18.346,15.608,38.415
46.63,-38.66,17.9905,15.494,38.087
46.713,-38.432,18.2005,15.4925,37.9575
48.6,-38.13,18.2,15.5055,38.0435
48.62,-38.08,18.1438,15.4948,37.9911
48.83,-38.03,18.16335,15.4905,37.981
48.8487,-37.9881,18.192,15.491,38.011
49.25,-37.91,18.188,15.535,38.107
49.2549,-37.907,18.325,15.564,38.208
49.6537,-37.8768,18.223,15.499,38.042
49.34,-37.87,18.1444,15.4871,37.9598
49.1018,-37.8524,18.182,15.523,38.054
49.7125,-37.8512,18.189,15.492,37.98
49.7819,-37.8463,18.209,15.576,38.183
49.6613,-37.8322,18.578,15.598,38.522
132.293,-37.813,17.841,15.47566667,37.723
49.7988,-37.8033,18.663,15.648,38.7
49.6385,-37.7819,18.184,15.562,38.121
49.65,-37.78,18.2165,15.529,38.1225
49.65,-37.77,18.2525,15.532,38.14
49.4875,-37.7535,18.769,15.651,38.793
49.6872,-37.7386,18.201,15.645,38.297
77.825,-37.721,19.139,15.618,39.472
77.832,-37.716,18.554,15.586,39.036
49.882,-37.71,18.1775,15.4935,37.9475
49.85,-37.69,18.226,15.4904,37.9952
50.47,-37.68,18.183,15.5285,38.0955
50.47,-37.66,18.58,15.5825,38.586
50.4829,-37.6591,18.179,15.552,38.058
50.4703,-37.6582,18.187,15.488,37.969
50.4671,-37.6579,18.664,15.65,38.722
50.8529,-37.6479,18.215,15.533,38.078
51.0468,-37.6289,18.21,15.527,38.067
50.97,-37.61,18.199,15.565,38.1645
50.99,-37.61,18.361,15.594,38.254
126.778,-37.582,17.8925,15.57116667,38.133
50.9968,-37.5545,18.592,15.624,38.574
78.43,-37.52,18.738,15.576,39.009
51.16,-37.46,18.2028,15.5012,38.0262
51.5628,-37.4248,18.192,15.507,38.018
51.7079,-37.4188,18.183,15.518,38.015
51.39,-37.38,18.2224,15.5073,38.0605
51.81,-37.33,18.1003,15.4952,37.9263
118.156,-37.1667,18.465,15.55466667,38.415
25.795,-37.0693,19.2885,15.7033,39.1339
25.2463,-37.046,18.9615,15.6747,38.98215
52.5582,-36.506,17.929,15.464,37.61
52.49,-36.04,18.13233333,15.50166667,37.933
53.89,-35.34,17.6034,15.42795,37.534
33.3968,-35.2852,18.6423,15.5981,38.3915
33.0682,-35.1937,18.307,15.5959,38.3835
33.7157,-35.1212,18.63725,15.5559,38.3495
111.983,-35.0969,17.277,15.592,38.15
110.306,-35.0908,17.885,15.664,39.267
33.8607,-35.084,18.3584,15.5595,38.3528
111.725,-35.0393,17.633,15.627,39.115
112.212,-35.0358,18.327,15.602,38.136
111.614,-35.0074,17.867,15.597,38.146
112.045,-34.9688,18.096,15.708,39.26
78.54,-34.96,18.431,15.551,38.396
78.67,-34.91,18.371,15.549,38.2875
112.942,-34.8697,17.8075,15.6605,38.559
32.9438,-34.8083,18.7781,15.546,37.9317
113.652,-34.7664,17.618,15.671,38.253
54.37,-34.75,18.1221,15.4854,37.9595
54.65,-34.73,17.7754,15.4535,37.6722
78.013,-34.385,18.155,15.466,38.103
78.023,-34.383,18.394,15.516,38.4495
55.27,-34.37,17.8398,15.4596,37.7016
55.13,-34.36,17.8931,15.4613,37.73
33.269,-34.3202,19.2936,15.6264,39.2391
33.097,-34.3122,18.4855,15.5721,38.3171
33.297,-34.1847,19.6366,15.6658,39.6092
55.63,-34.14,18.1598,15.4969,37.9394
31.227,-34.0753,18.662,15.58316667,38.45216667
36.2372,-34.0475,18.83145,15.63865,38.7446
36.2908,-33.9638,18.62585,15.61305,38.65765
55.78,-33.96,17.8978,15.4733,37.6537
56.03,-33.87,18.0786,15.4773,37.7434
36.2757,-33.818,18.6369,15.6059,38.4724
56.13,-33.79,18.1315,15.4885,37.7737
56.27,-33.76,18.114,15.505,37.839
56.64,-33.65,17.9864,15.473,37.6813
36.353,-33.6232,19.4306,15.6273,39.3054
39.3692,-33.4623,18.7455,15.537,38.445
36.4452,-33.22,18.55403333,15.61073333,38.5768
33.2003,-33.1908,17.99295,15.59135,38.19995
33.514,-33.1113,18.3434,15.6358,38.4865
33.4893,-33.0853,18.0457,15.6021,38.2533
36.4438,-33.0175,18.44835,15.56835,38.4622
36.4885,-32.9983,18.31933333,15.57953333,38.49683333
36.4903,-32.9575,18.2237,15.56913333,38.44543333
35.003,-32.8422,18.6593,15.6584,38.7893
36.539,-32.7643,18.3933,15.5447,38.2746
35.3523,-32.7533,19.1062,15.64815,39.1965
57.266,-32.7234,17.66025,15.41835,37.378225
57.266,-32.7233,17.53073684,15.43110526,37.25321053
77.596,-32.665,17.927,15.459,37.884
35.5788,-32.6455,18.47785,15.61415,38.60375
36.5938,-32.596,18.4708,15.5955,38.5675
36.5697,-32.5592,18.2501,15.5728,38.5153
77.43,-32.51,17.952,15.477,37.826
98.3409,-32.4066,17.9895,15.6375,39.166
36.598,-32.3453,18.5821,15.60075,38.79575
97.1255,-32.2324,18.051,15.6075,38.875
97.1282,-32.2266,18.09733333,15.606,38.804
33.5508,-31.7583,18.0268,15.5701,38.4541
57.74,-31.73,17.496,15.4134,37.2152
57.842,-31.693,17.554,15.433,37.289
57.97,-31.69,17.5354,15.4181,37.2715
52.3018,-31.5337,18.14225,15.53875,37.8155
35.294,-31.463,18.6928,15.6514,38.6856
93.7066,-31.265,18.128,15.513,38.453
76.5,-31.26,17.884,15.467,37.726
93.7016,-31.2416,18.24133333,15.55166667,38.83333333
58.61,-31.19,17.429,15.3963,37.1141
36.69,-31.1237,18.6691,15.6386,38.6807
59.11,-31.09,17.558,15.49,37.363
59.121,-31.038,17.404,15.398,37.0847
108.35,-30.986,18.32333333,15.484,37.61
87.8953,-30.9692,18.23966667,15.535,38.64433333
59.16,-30.92,17.3631,15.3923,37.0698
59.34,-30.91,17.4224,15.4013,37.1104
36.7127,-30.7715,18.709,15.6475,38.6983
59.56,-30.66,17.432,15.4014,37.1355
36.903,-30.5833,16.0455,15.2977,36.697
59.91,-30.52,17.4018,15.4006,37.1097
60.16,-30.44,17.4052,15.3976,37.0816
75.76,-30.33,17.944,15.4855,37.779
60.49,-30.27,17.4498,15.4023,37.1346
36.077,-29.9498,17.95975,15.53975,38.32775
75.191,-29.7,17.8085,15.444,37.7075
112.696,-29.6175,18.42,15.629,38.375
37.4748,-29.5298,18.4435,15.6375,38.902
61.32,-28.95,17.67985,15.42965,37.536
61.44,-28.95,17.74805,15.43185,37.58965
61.64,-28.94,17.9282,15.4535,37.7838
74.67,-28.9,17.925,15.509,37.822
61.9,-28.85,17.846,15.439,37.727
61.93,-28.8,17.98096667,15.48246667,37.93473333
62.033,-28.74,18.362,15.612,38.107
62.36,-28.54,17.768,15.442,37.544
63.36,-28.11,17.9,15.46,37.73
63.66,-27.98,18.029,15.4682,37.84765
64.63,-27.96,17.69,15.44,37.55
63.75,-27.86,17.79883333,15.43123333,37.6574
63.91,-27.85,17.8044,15.436075,37.648375
63.94,-27.85,17.793,15.424,37.612
63.938,-27.845,17.7921,15.4389,37.6525
63.94,-27.84,18.001,15.615,38.067
65.42,-27.78,17.8103,15.44956667,37.75263333
65.35,-27.74,17.88907143,15.45495714,37.80765714
65.53,-27.63,18.03415,15.49801667,38.14446667
65.83,-27.6,17.86366667,15.48866667,37.718
65.98,-27.57,17.81913333,15.44896667,37.70613333
66.26,-27.44,17.91525,15.4567,37.83525
66.429,-27.403,17.83,15.45,37.74
66.64,-27.36,18.07175,15.48155,38.07795
87.597,-27.355,18.70737143,15.55312857,39.00351429
87.598,-27.354,18.6698,15.54683333,38.97903333
66.34,-27.34,17.7789,15.442125,37.693175
67.23,-26.98,17.8906,15.4585,37.8276
72.24,-26.92,17.635,15.457,37.493
72.242,-26.917,17.694,15.4515,37.678
67.52,-26.62,17.978,15.461,37.797
71.925,-26.521,17.5805,15.433,37.495
67.979,-26.488,17.9731,15.458,37.8186
68.44,-26.23,17.9861,15.45755,37.8002
68.73,-26.09,18.1441,15.4691,37.9934
70.323,-25.864,17.80833333,15.45233333,37.572
70.183,-25.78,17.565,15.4885,37.5765
70.054,-25.66,17.44,15.443,37.4
69.94,-25.61,17.477,15.455,37.47
70.026,-25.57,17.488,15.455,37.5
70.064,-25.385,17.334,15.46,37.36
69.9913,-25.367,17.6706,15.4698,37.599
69.99,-24.98,17.315,15.443,37.251
70.012,-24.98,17.319,15.481,37.26266667
79.02,-24.98,17.315,15.443,37.251
65.98,-24.9,18.026,15.437,37.895
87.3662,-24.8775,18.609,15.57033333,38.63933333
70.045,-24.675,17.884,15.563,37.838
69.833,-24.35,17.928,15.4805,37.8815
72.433,-24.117,18.21,15.57,38.22
100.774,-23.4558,19.11,15.6005,39.265
79.942,-23.343,17.55,15.47,37.42
69.112,-21.53,18.057,15.44,37.8
55.4,-21.4,18.9268,15.6046,39.063075
68.78,-21.39,18.036,15.447,37.787
68.74,-21.36,18.034,15.445,37.772
68.76,-21.33,18.074,15.471,37.879
51.6788,-21.2945,17.68875,15.43825,37.3445
67.67,-20.27,18.294,15.495,37.946
66.83,-20.15,18.152,15.514,37.971
66.27,-19.95,18.7031,15.5717,38.7377
66.05,-19.83,18.354,15.517,38.214
65.34,-19.69,18.7927,15.5793,38.6938
65.96,-19.69,18.4241,15.5202,38.38315
65.4908,-19.6868,18.3204,15.4982,38.187
65.77,-19.68,18.5832,15.5517,38.5321
65.54,-19.66,18.7465,15.5716,38.7042
65.68,-19.65,18.7041,15.5708,38.7304
65.8438,-19.5896,18.8353,15.5581,38.8958
65.8608,-19.5848,18.409,15.5036,38.2416
65.99,-19.55,18.37155,15.5173,38.2869
65.73,-19.54,18.2873,15.51,38.1824
65.85,-19.49,18.4326,15.5255,38.3273
65.81,-19.48,18.418,15.529,38.345
65.85,-19.47,18.3854,15.51225,38.2748
65.92,-19.44,18.3043,15.5029,38.1984
65.78,-19.41,18.3893,15.5198,38.3088
66.01,-19.38,18.4491,15.5232,38.3894
65.71,-19.33,18.4823,15.52805,38.49595
65.6702,-19.2703,18.3467,15.5169,38.2827
65.56,-19.2,18.4507,15.52495,38.39925
99.2973,-19.189,18.8,15.673,38.77
65.62,-19.18,18.4883,15.524,38.4601
65.62,-19.17,18.6164,15.5444,38.6592
65.64,-19.17,18.5238,15.534,38.4662
65.66,-19.15,18.5178,15.5382,38.5127
65.79,-19.09,18.4842,15.5213,38.4556
65.56,-19.05,18.4627,15.5282,38.4533
65.5,-18.71,18.392,15.49,38.308
65.51,-18.7,18.4427,15.5351,38.4826
65.3968,-18.5386,18.4419,15.5342,38.4892
65.2972,-18.3545,18.6155,15.5567,38.7005
65.297,-18.343,18.4616,15.5537,38.542
63.64,-18.34,18.602,15.572,38.663
65.2688,-18.2966,18.5735,15.5582,38.6629
65.2293,-18.1912,18.4579,15.5388,38.5126
65.818,-17.636,18.362,15.56,38.367
66.58,-17.09,18.839,15.604,39.077
88.18,-17.023,18.79744286,15.58973214,38.99814643
66.8887,-16.9983,18.37265,15.5122,38.35655
66.74,-16.85,18.4027,15.5201,38.3376
66.7167,-16.8294,18.15065,15.4833,38.07075
66.65,-16.71,18.272,15.5059,38.231
66.5622,-16.6575,18.36385,15.5128,38.35105
66.6467,-16.6574,18.324,15.495,38.2409
66.56,-16.57,18.4885,15.5364,38.5189
110.299,-16.1445,20.45,15.745,38.015
67.3713,-15.9959,18.0957,15.4771,37.93785
117.576,-15.978,18.179,15.5278,37.771
117.575,-15.976,18.184,15.418,37.528
67.2958,-15.9061,18.0575,15.469,37.9033
67.28,-15.87,18.178,15.483,37.8805
67.28,-15.86,17.872,15.45,37.664
67.29,-15.83,18.081,15.4784,37.9478
67.1833,-15.6404,18.2923,15.5339,38.2418
67.24,-15.42,18.0383,15.4662,37.8704
66.89,-15.15,18.1161,15.4772,37.97
114.085,-15.074,17.9694,15.464,37.4964
66.6,-14.84,18.3497,15.5206,38.3769
66.27,-14.58,18.596,15.5704,38.7451
106.09,-14.249,17.4836,15.49626667,38.3428
108.496,-14.23,17.30295,15.50395,38.9943
102.172,-14.12,18.8191,15.5906,38.9396
66.08,-14.08,18.475,15.5234,38.4371
96.389,-13.606,18.8384,15.5899,39.6043
108.003,-13.388,17.8863,15.5231,38.4912
105.168,-13.36,17.2491,15.5076,38.371
105.225,-13.274,17.3023,15.5003,38.5757
66.69,-13.25,17.9054,15.4568,37.7692
61.371,-13.114,18.74933333,15.595,38.89633333
66.56,-13.04,18.1133,15.4816,37.9735
103.875,-13.036,17.806,15.5002,38.5272
66.32,-13.02,18.01,15.467,37.856
117.893,-12.9472,18.59,15.5855,38.005
66.32,-12.84,17.9895,15.4666,37.8356
107.239,-12.61,17.38,15.4872,38.0517
66.03,-12.56,18.3018,15.5168,38.2542
65.9,-12.46,18.323,15.5178,38.2136
106.65,-12.457,18.6649,15.5818,39.0976
65.933,-12.417,18.13,15.505,38.121
95.288,-12.394,18.9765,15.5838,39.4895
65.85,-12.39,18.3121,15.5284,38.3557
113.779,-12.347,19.2896,15.6271,39.2162
65.67,-12.25,18.0867,15.4878,37.9976
107.826,-12.23,17.81766667,15.53456667,37.96223333
96.651,-11.906,19.2476,15.6027,39.7417
103.241,-11.775,17.961,15.6165,38.4073
106.884,-11.761,17.9721,15.6081,38.4238
106.88,-11.737,17.9234,15.563,38.4999
103.534,-11.663,17.5894,15.642,38.5412
66.36,-11.53,18.9283,15.5899,38.7896
104.783,-11.512,17.92253333,15.65913333,38.50653333
66.35,-11.43,18.1908,15.4834,38.0137
88.718,-11.3368,18.26975,15.56825,38.713
104.783,-11.331,18.0613,15.6742,38.7054
66.49,-11.28,18.2722,15.524,38.1117
66.57,-11.27,18.1134,15.4714,38.0817
106.555,-11.263,17.63433333,15.551,38.37863333
102.304,-11.03,18.3828,15.6251,38.6193
103.617,-10.915,18.3421,15.629,38.5452
104.534,-10.908,18.0417,15.6318,38.3438
66.67,-10.85,18.1545,15.4852,37.9872
66.63,-10.82,18.13,15.471,37.865
101.812,-10.765,18.6023,15.62675,38.94305
102.176,-10.759,18.084,15.5775,38.4178
66.58,-10.71,18.1614,15.4807,37.959
105.556,-10.657,17.85215,15.5476,38.04765
105.554,-10.653,18.9331,15.64013333,39.1231
105.681,-10.642,18.8928,15.6061,38.933
105.543,-10.636,17.8683,15.54593333,38.03296667
105.544,-10.636,17.868,15.5458,38.0316
105.546,-10.636,17.869,15.5461,38.0333
105.674,-10.619,19.207,15.6364,39.2457
105.657,-10.607,18.89263333,15.6417,39.11536667
105.403,-10.54,19.2806,15.6473,39.2136
105.474,-10.514,19.56315,15.6471,39.565
61.36,-10.5,18.75966667,15.58766667,38.79233333
66.36,-10.43,18.1869,15.484,37.9913
105.7,-10.417,18.6627,15.6532,38.9456
66.3,-10.36,18.5289,15.5283,38.3874
99.491,-10.312,18.8907,15.5857,39.1474
93.8962,-10.2118,18.415,15.5755,38.425
66.8,-9.89,19.1452,15.6136,38.9996
102.699,-9.7755,18.565,15.5695,38.835
66.74,-9.76,18.1901,15.5044,37.8625
66.65,-9.61,19.1481,15.6146,39.0245
67.28,-9,17.987,15.511,37.93
68.24,-8.22,18.5331,15.5351,38.3745
68.12,-8.198,18.038,15.473,37.833
86.7917,-8.1217,18.125,15.5405,38.37
68.1,-8.06,18.0749,15.4773,37.8767
68.07,-8.01,18.188,15.5155,37.911
67.99,-7.94,18.0682,15.4757,37.8609
59.0168,-7.5453,18.668,15.576,38.59566667
68.2918,-6.3395,18.4616,15.53895,38.50445
97.373,-6.227,18.558,15.6329,38.964
68.25,-6.22,18.001,15.501,37.93
68.4978,-6.0591,18.2225,15.4946,38.0984
68.0633,-5.6521,18.32545,15.5162,38.25625
68.54,-5.38,18.067,15.456,37.87
68.62,-5.36,18.17,15.5,38.064
68.62,-5.355,18.098,15.48,37.972
68.69,-5.35,18.084,15.452,37.804
68.53,-5.28,18.1,15.474,37.9
73.3942,-4.193,18.608,15.5685,38.6445
68.33,-4.17,18.17,15.475,37.765
50.0537,-3.4873,18.486,15.51225,38.14025
67.97,-1.71,18.0255,15.474,37.7695
57.6475,-1.677,18.905,15.603,38.752
67.773,-1.658,17.991,15.453,37.793
67.61,-1.55,18.149,15.472,38.001
67.66,-1.51,18.041,15.451,37.838
67.65,-1.48,18.053,15.4705,37.8745
67.7,-1.48,18,15.443,37.781
62.47,-1.32,18.072,15.46,37.885
89.228,0.778,18.848,15.553,38.52
90.208,1.4627,18.258,15.56275,38.81025
66.8908,1.6741,18.241359,15.549494,38.320012
66.9101,1.7001,18.124997,15.508909,38.06442
66.4592,2.4941,18.33017633,15.513713,38.325173
66.6137,2.5151,18.42693188,15.52752835,38.45360515
59.87,2.73,18.22,15.5,37.94
65.4256,2.876,18.165033,15.5215,38.127209
65.7181,3.1176,18.100551,15.500062,37.988431
52.694,3.2343,18.043,15.452,37.797
63.7886,3.6644,18.080952,15.484164,37.883245
63.7658,3.6677,18.050697,15.508018,37.851529
63.7488,3.67,18.20240893,15.51483986,38.07082421
63.75,3.67,18.457,15.588,38.475
63.8242,3.6738,18.177398,15.511587,37.964363
63.6325,3.6836,18.078273,15.494797,37.944629
63.72,3.69,18.463,15.585,38.476
63.83,3.69,18.311,15.5796,38.30165
63.8307,3.69,18.018694,15.476208,37.818131
63.7205,3.6912,18.190727,15.501973,38.01042
63.8323,3.6945,18.072036,15.495767,37.959031
63.81,3.7,18.223,15.535,38.066
63.84,3.7,18.2165,15.5291,38.198
63.89,3.7,18.009,15.473,37.846
63.8182,3.701,18.197069,15.502634,38.04085
63.6573,3.7107,18.245395,15.514058,38.078938
63.9247,3.7577,17.99209,15.464125,37.808517
63.87,3.78,17.986,15.4705,37.78
62.7526,4.1615,18.19599,15.484196,37.948262
62.613,4.2623,18.19258854,15.48931732,37.96387064
62.5201,4.4399,18.20442303,15.48223877,37.96020837
62.0695,4.9752,18.165038,15.481943,37.918289
62.05,5.0616,18.17862,15.483193,37.93128
62.0416,5.0635,18.202177,15.51792014,38.03438307
73.8313,5.0815,18.4955,15.543,38.3875
62.039,5.096,18.18391,15.483646,37.944101
62.0189,5.1254,18.170972,15.495357,37.949261
62.0402,5.1369,18.130615,15.483335,37.867795
61.9726,5.1389,18.224319,15.486202,37.993722
61.9602,5.1497,18.112377,15.478544,37.89667
90.361,5.384,18.57524595,15.57086216,38.82048649
61.83,5.45,18.24,15.44,37.81
60.85,6.15,18.157,15.45,37.822
70.9837,6.5162,18.629,15.515,38.592
68.4062,7.9697,18.084,15.4965,38.0215
57.95,9.38,17.335,15.37,37.084
57.5511,9.5226,17.70905891,15.42653109,37.41066781
57.2447,9.6753,17.730998,15.451661,37.519935
57.945,9.825,17.353,15.425,37.19
57.6757,10.0227,17.61736497,15.44057578,37.47443608
57.73,10.2414,17.70840894,15.44937221,37.56959507
43.02,11.75,18.828,15.549,38.8
43.27,11.865,18.697,15.593,38.844
43.27,11.87,18.547,15.552,38.765
43.408,11.937,18.584,15.563,38.71
43.69,11.938,18.799,15.54,38.703
45.508,12.042,19.311,15.591,39.237
45.207,12.043,19.118,15.565,39.041
44.713,12.058,18.884,15.546,38.755
44.833,12.067,19.073,15.573,38.985
45.623,12.081,19.3271,15.60995,39.35645
43.933,12.083,18.579,15.477,38.337
45.731,12.089,19.41505,15.61025,39.41275
45.63,12.092,19.49025,15.6242,39.52975
46.231,12.097,19.41,15.61135,39.3816
45.853,12.102,19.38,15.616,39.42
46.223,12.125,19.0296,15.56795,38.891
45.687,12.149,19.3496,15.636,39.3625
46.288,12.155,19.405,15.599,39.371
46.708,12.27,18.745,15.533,38.549
46.754,12.28,18.86775,15.5449,38.6813
47.215,12.371,18.76425,15.5385,38.5801
47.25,12.42,18.868,15.556,38.713
47.1,12.422,18.495,15.513,38.343
47.84,12.473,18.788,15.535,38.613
47.761,12.526,18.8012,15.54445,38.61975
47.665,12.583,18.72,15.53,38.46
48.272,12.648,18.288,15.48,38.113
48.49,12.75,18.224,15.472,38.019
49.355,12.895,18.196,15.488,38.088
48.99,12.897,18.22,15.458,37.984
48.896,12.957,18.21525,15.4691,38.02795
49.393,13.038,18.299,15.483,38.146
49.693,13.157,18.474,15.518,38.341
51.02,13.213,18.403,15.508,38.318
49.973,13.263,18.425,15.504,38.256
50.323,13.288,18.351,15.491,38.26
50.692,13.337,18.269,15.454,38.099
49.805,13.362,18.272,15.448,38.079
53.58,14.368,18.425,15.522,38.277
52.683,14.392,18.482,15.512,38.288
56.422,14.465,18.473,15.512,38.312
53.908,14.483,18.548,15.508,38.327
52.408,14.65,18.341,15.491,38.178
55.712,14.74,18.506,15.528,38.354
54.8,14.75,18.4825,15.466,38.167
59.7018,16.5419,18.458,15.494,38.546
60.1297,18.7498,18.4915,15.533,38.5235
